{
  "matrix": [
    [
      0.056007206738996715,
      -0.018080859853541215,
      144.2184320036581
    ],
    [
      -0.00629109761565267,
      0.08083396771497615,
      -84.28335198934754
    ]
  ],
  "n_points": 9,
  "error_mean_mm": 57.362578256271846,
  "error_max_mm": 85.51166038647673
}